1414749053822,8292,1023,1023,1023,420
1414749053847,8294,1023,1023,1023,463
1414749053864,8306,1023,1023,1023,491
1414749053881,8304,1023,1023,1023,514
1414749053897,8306,1023,1023,1023,474
1414749053915,8315,1023,1023,1023,441
1414749053930,8329,1023,1023,1023,382
1414749053948,8319,1023,1023,1023,410
1414749053964,8329,1023,1023,1023,404
1414749053982,8316,1023,1023,1023,421
1414749054064,8370,1023,1023,1023,473
1414749054455,8378,1023,1023,1023,453
1414749054687,8342,1023,1023,1023,504
1414749054987,8335,1023,1023,1023,425
1414749055288,8342,1023,1023,1023,428
1414749055587,8369,1023,1023,1023,444
1414749055888,8383,1023,1023,1023,347
1414749056204,8411,1023,1023,1023,427
1414749056504,8406,1023,1023,1023,449
1414749056805,8445,1023,1023,1023,406
1414749057105,8419,1023,1023,1003,349
1414749057422,8469,1023,1023,1003,427
1414749057721,8464,1023,1023,1023,407
1414749058021,8513,1023,1023,1023,418
1414749058320,8465,1023,1023,1023,436
1414749058637,8462,1023,1023,1023,396
1414749058937,8476,1023,1023,1023,372
1414749059238,8523,1023,1023,1023,416
1414749059545,8535,1023,1023,1023,461
1414749059845,8526,1023,1023,1023,349
1414749060145,8541,1023,1023,1023,417
1414749060445,8531,1023,1023,1023,356
1414749060762,8525,1023,1023,1023,356
1414749061065,8537,1023,1023,1023,381
1414749061364,8527,1023,1023,1023,355
1414749061665,8538,1023,1023,1023,381
1414749061966,8534,1023,1023,1023,414
1414749062266,8559,1023,1023,1023,446
1414749062582,8548,1023,1023,1023,404
1414749062884,8557,1023,1023,1023,431
1414749063186,8564,1023,1023,1023,518
1414749063486,8574,1023,1023,1023,400
1414749063786,8567,1023,1023,1023,415
1414749064104,8558,1023,1023,1023,401
1414749064408,8496,1023,1023,1023,432
1414749064709,8566,1023,1023,1023,455
1414749065010,8570,1023,1023,1010,346
1414749065310,8573,1023,1023,807,332
1414749065611,8579,1023,1023,751,313
1414749065913,8582,1023,1023,668,257
1414749066231,8573,1023,1023,654,304
1414749066533,8575,1023,1023,628,383
1414749066833,8573,1023,1023,599,328
1414749067134,8577,1023,1023,582,298
1414749067434,8570,1023,1023,563,255
1414749067735,8559,1023,1023,547,310
1414749068037,8574,1023,1023,545,231
1414749068354,8567,1023,1023,504,294
1414749068656,8470,1023,1023,528,294
1414749068956,8567,1023,1023,575,287
1414749069255,8494,1023,1023,558,277
1414749069566,8487,1023,1023,465,235
1414749069868,8480,1023,1023,471,185
1414749070166,8371,1023,1023,475,213
1414749070467,8378,1023,1023,477,287
1414749070783,8372,1023,1023,484,267
1414749071086,8382,1023,1023,459,252
1414749071386,8391,1023,1023,473,203
1414749071688,8466,1023,1023,505,262
1414749071990,8476,1023,1023,844,361
1414749072291,8480,1023,1023,532,351
1414749072593,8495,1023,1023,568,294
1414749072912,8489,1023,1023,539,267
1414749073215,8486,1023,1023,564,239
1414749073516,8559,1023,1023,555,300
1414749073815,8579,1023,1023,549,296
1414749074117,8581,1023,1023,535,231
1414749074417,8581,1023,1023,529,268
1414749074733,8581,1023,1023,532,263
1414749075034,8571,1023,1023,531,238
1414749075328,8569,1023,1023,529,208
1414749075645,8571,1023,1023,529,258
1414749075948,8580,1023,1023,532,274
1414749076248,8570,1023,1023,514,188
1414749076549,8569,1023,1023,418,230
1414749076851,8572,1023,1023,403,284
1414749077152,8581,1023,1023,383,214
1414749077468,8569,1023,1023,359,264
1414749077769,8489,1023,1023,361,310
1414749078071,8492,1023,1023,389,388
1414749078370,8673,1023,1023,405,250
1414749078670,8572,1023,1023,404,177
1414749078971,8586,1023,1023,408,252
1414749079287,8592,1023,1023,414,294
1414749079583,8583,1023,1023,468,256
1414749079882,8473,1023,1023,322,158
1414749080200,8479,1023,1023,397,250
1414749080502,8484,1023,1023,378,185
1414749080803,8492,1023,1023,378,218
1414749081102,8472,1023,1023,379,237
1414749081403,8465,1023,1023,379,239
1414749081703,8480,1023,1023,389,207
1414749082019,8486,1023,1023,399,204
1414749082322,8489,1023,1023,410,241
1414749082623,8570,1023,1023,388,262
1414749082923,8456,1023,1023,397,201
1414749083224,8325,1023,1023,415,191
1414749083541,8272,1023,1023,880,376
1414749083837,8576,1023,1023,1023,523
1414749084137,8634,1023,1023,1023,511
1414749084437,8681,1023,1023,1023,475
1414749084754,8648,1023,1023,1023,410
1414749085056,8275,1023,1023,1023,439
1414749085350,8381,1006,1023,920,401
1414749085666,8465,543,1023,369,232
1414749085967,8575,573,1023,444,261
1414749086268,8586,557,1021,450,291
1414749086567,8639,547,1023,458,219
1414749086867,8659,537,1023,462,217
1414749087184,8663,529,1023,467,295
1414749087485,8642,523,1023,471,210
1414749087786,8630,512,1023,471,285
1414749088088,8623,505,1023,470,251
1414749088389,8637,500,1023,471,210
1414749088690,8628,495,1023,470,176
1414749089007,8672,492,1023,469,312
1414749089309,8664,485,1023,465,309
1414749089602,8652,472,1023,451,299
1414749089920,8613,468,1023,447,328
1414749090221,8580,463,1023,443,224
1414749090522,8575,453,1023,438,221
1414749090823,8576,451,1023,437,233
1414749091134,8590,449,1023,435,172
1414749091433,8605,446,1023,433,203
1414749091733,8608,446,1023,434,183
1414749092034,8612,445,1023,436,293
1414749092334,8664,443,1023,435,257
1414749092651,8655,440,1023,434,279
1414749092952,8657,438,1023,434,229
1414749093252,8641,436,1023,434,256
1414749093553,8642,434,1023,432,309
1414749093854,8636,432,1023,431,294
1414749094170,8655,428,1023,427,289
1414749094472,8649,425,1023,425,326
1414749094772,8677,423,1023,423,221
1414749095075,8647,421,1023,424,208
1414749095388,8665,420,1023,424,232
1414749095689,8671,416,1023,421,247
1414749095988,8679,411,1023,418,193
1414749096288,8585,410,1023,420,244
1414749096588,8567,407,1023,417,251
1414749096900,8471,407,1023,417,186
1414749097200,8483,417,1023,428,184
1414749097500,8462,419,1023,430,253
1414749097817,8454,417,1023,427,229
1414749098120,8471,418,1023,431,282
1414749098420,8456,423,1023,435,244
1414749098719,8382,425,1023,438,196
1414749099021,8381,435,1023,456,271
1414749099321,8379,431,1023,455,305
1414749099638,8381,431,1023,458,310
1414749099940,8367,429,1023,455,226
1414749100240,8348,428,1023,454,233
1414749100541,8368,427,1023,454,186
1414749100841,8383,426,1023,453,255
1414749101157,8372,425,1023,452,203
1414749101446,8377,425,1023,451,295
1414749101762,8371,425,1023,451,256
1414749102065,8373,424,1023,450,271
1414749102370,8391,423,1023,448,227
1414749102671,8372,423,1023,448,238
1414749102972,8371,422,1023,447,260
1414749103271,8378,423,1023,448,287
1414749103572,8380,422,1023,448,251
1414749103888,8381,421,1023,448,199
1414749104188,8382,421,1023,446,270
1414749104488,8381,420,1023,447,278
1414749104789,8381,419,1023,446,217
1414749105106,8373,420,1023,447,280
1414749105405,8382,419,1023,448,233
1414749105705,8365,419,1023,449,148
1414749106006,8373,420,1023,450,333
1414749106323,8379,423,1023,453,300
1414749106622,8390,423,1023,454,257
1414749106923,8373,434,1023,470,238
1414749107222,8373,433,1023,472,266
1414749107522,8380,432,1023,471,297
1414749107838,8382,431,1023,473,201
1414749108139,8372,430,1023,473,185
1414749108438,8380,430,1023,476,268
1414749108739,8383,430,1023,476,332
1414749109039,8385,429,1023,475,313
1414749109356,8377,428,1023,476,262
1414749109656,8381,427,1023,477,281
1414749109956,8373,427,1023,478,271
1414749110256,8370,426,1023,478,277
1414749110556,8393,428,1023,483,251
1414749110872,8384,428,1023,483,266
1414749111173,8372,428,1023,485,292
1414749111472,8372,428,1023,489,345
1414749111773,8383,428,1023,490,319
1414749112090,8380,427,1023,491,270
1414749112389,8385,427,1023,490,232
1414749112689,8376,426,1023,493,253
1414749112989,8372,427,1023,496,313
1414749113306,8381,427,1023,497,274
1414749113606,8388,426,1023,497,220
1414749113906,8381,427,1023,499,184
1414749114207,8374,427,1023,498,217
1414749114506,8369,428,1023,499,302
1414749114822,8383,429,1023,501,288
1414749115122,8384,430,1023,502,289
1414749115423,8383,429,1023,502,238
1414749115722,8384,429,1023,502,199
1414749116040,8381,428,1023,502,204
1414749116340,8376,429,1023,502,300
1414749116639,8385,428,1023,501,263
1414749116939,8384,427,1023,500,328
1414749117240,8372,427,1023,500,353
1414749117556,8375,427,1023,500,271
1414749117856,8384,428,1023,502,325
1414749118157,8386,428,1023,502,327
1414749118456,8386,428,1023,503,257
1414749118773,8384,428,1023,503,264
1414749119073,8385,427,1023,503,235
1414749119374,8373,427,1023,502,235
1414749119673,8387,437,1023,518,259
1414749119973,8384,552,1023,792,285
1414749120290,8378,573,1023,895,418
1414749120590,8388,563,1023,979,385
1414749120890,8427,568,1023,869,310
1414749121189,8477,488,1023,641,289
1414749121506,8480,475,1023,617,251
1414749121807,8460,474,1023,618,311
1414749122107,8485,472,1023,616,280
1414749122407,8479,472,1023,615,290
1414749122706,8479,470,1023,613,359
1414749123022,8446,470,1023,614,316
1414749123322,8478,469,1023,612,214
1414749123623,8476,470,1023,614,281
1414749123924,8482,469,1023,613,279
1414749124239,8491,469,1023,612,254
1414749124540,8458,469,1023,612,283
1414749124840,8470,470,1023,614,314
1414749125139,8480,469,1023,613,221
1414749125440,8487,468,1023,612,289
1414749125756,8480,469,1023,611,330
1414749126057,8481,469,1023,611,363
1414749126357,8467,469,1023,611,384
1414749126657,8471,468,1023,610,349
1414749126973,8479,469,1023,611,246
1414749127273,8482,469,1023,610,336
1414749127579,8488,468,1023,608,389
1414749127880,8482,468,1023,607,356
1414749128179,8471,468,1023,607,306
1414749128479,8458,468,1023,607,239
1414749128779,8488,468,1023,607,334
1414749129096,8479,468,1023,607,246
1414749129395,8480,468,1023,607,266
1414749129696,8490,468,1023,607,292
1414749129995,8480,468,1023,607,269
1414749130313,8458,469,1023,608,282
1414749130612,8474,469,1023,608,286
1414749130913,8490,470,1023,610,290
1414749131212,8481,470,1023,608,280
1414749131530,8477,469,1023,607,323
1414749131829,8477,469,1023,607,313
1414749132129,8469,469,1023,607,280
1414749132429,8476,469,1023,607,328
1414749132729,8483,469,1023,606,298
1414749133046,8486,469,1023,606,289
1414749133346,8480,469,1023,606,317
1414749133647,8481,469,1023,606,259
1414749133947,8477,469,1023,606,328
1414749134263,8467,468,1023,605,236
1414749134563,8468,468,1023,605,294
1414749134862,8481,468,1023,605,290
1414749135162,8489,468,1023,605,258
1414749135463,8480,468,1023,603,232
1414749135779,8481,468,1023,603,259
1414749136078,8458,468,1023,602,295
1414749136379,8479,467,1023,601,261
1414749136680,8480,468,1023,601,290
1414749136997,8477,468,1023,601,282
1414749137296,8479,470,1023,607,358
1414749137595,8479,470,1023,606,320
1414749137897,8463,471,1023,607,271
1414749138196,8472,471,1023,609,328
1414749138513,8492,514,1023,678,329
1414749138813,8481,515,1023,683,352
1414749139113,8482,514,1023,680,349
1414749139413,8482,512,1023,679,364
1414749139729,8481,514,1023,684,352
1414749140030,8460,516,1023,690,312
1414749140330,8472,516,1023,690,290
1414749140630,8484,509,1023,674,329
1414749140930,8577,438,1023,549,235
1414749141247,8573,408,1023,504,235
1414749141546,8574,405,1023,495,296
1414749141846,8581,399,1023,490,211
1414749142146,8588,397,1023,490,271
1414749142464,8671,399,1023,488,250
1414749142767,8676,400,1023,491,210
1414749143067,8679,412,1023,524,317
1414749143368,8689,466,1023,590,282
1414749143668,8620,571,1023,885,386
1414749143968,8583,533,1023,1023,463
1414749144287,8665,479,1023,1023,443
1414749144588,8670,486,1023,619,262
1414749144890,8670,498,1023,647,389
1414749145192,8672,504,1023,669,298
1414749145493,8680,510,1023,686,299
1414749145793,8612,565,1023,906,392
1414749146093,8607,568,1023,862,377
1414749146410,8598,567,1023,850,344
1414749146711,8600,568,1023,850,366
1414749147007,8614,568,1023,846,354
1414749147307,8608,566,1023,844,342
1414749147624,8612,564,1023,839,351
1414749147923,8611,564,1023,838,389
1414749148224,8597,561,1023,862,344
1414749148523,8587,557,1023,913,415
1414749148828,8582,557,1023,914,459
1414749149146,8582,554,1023,937,423
1414749149445,8590,552,1023,941,368
1414749149745,8581,548,1023,971,364
1414749150045,8585,547,1023,982,420
1414749150361,8595,544,1023,1000,475
1414749150661,8604,541,1023,1023,483
1414749150962,8597,540,1023,1023,496
1414749151261,8602,540,1023,1023,429
1414749151562,8597,539,1023,1023,399
1414749151879,8601,540,1023,1023,372
1414749152178,8587,532,1023,1023,393
1414749152479,8591,529,1023,1023,483
1414749152779,8601,528,1023,1023,436
1414749153095,8611,521,1023,1023,454
1414749153395,8607,520,1023,1023,425
1414749153695,8608,509,1023,1023,457
1414749153995,8596,518,1023,1023,454
1414749154296,8588,544,1023,1008,367
1414749154612,8575,553,1023,995,362
1414749154911,8578,542,1023,1023,424
1414749155212,8584,537,1023,1023,483
1414749155511,8577,538,1023,1023,412
1414749155829,8585,537,1023,1023,445
1414749156129,8580,533,1023,1023,513
1414749156428,8587,532,1023,1023,431
1414749156729,8587,532,1023,1023,397
1414749157029,8579,533,1023,1023,504
1414749157346,8582,533,1023,1023,436
1414749157645,8593,531,1023,1023,412
1414749157946,8610,547,1023,967,406
1414749158246,8662,538,1023,869,386
1414749158562,8674,537,1023,855,431
1414749158862,8638,534,1023,848,408
1414749159163,8630,532,1023,846,406
1414749159462,8634,532,1023,844,354
1414749159762,8635,531,1023,845,327
1414749160079,8632,532,1023,849,299
1414749160378,8647,533,1023,849,333
1414749160679,8637,532,1023,848,330
1414749160979,8647,532,1023,848,341
1414749161279,8676,527,1023,836,306
1414749161595,8670,516,1023,798,328
1414749161896,8671,516,1023,788,391
1414749162196,8590,471,1023,650,251
1414749162496,8526,471,1023,642,297
1414749162812,8477,502,1023,680,252
1414749163113,8482,509,1023,685,276
1414749163412,8481,536,1023,727,296
1414749163712,8478,541,1023,733,336
1414749164025,8463,583,1023,851,413
1414749164324,8473,622,1023,1007,446
1414749164625,8487,690,1023,1023,433
1414749164925,8530,898,1023,1023,357
1414749165241,8549,873,1023,986,382
1414749165541,8540,816,1023,926,436
1414749165842,8558,782,1023,886,322
1414749166142,8496,1023,1023,1023,436
1414749166458,8491,1023,1023,1023,409
1414749166759,8408,766,1023,1023,373
1414749167059,8484,721,1023,1015,384
1414749167359,8485,685,1023,959,345
1414749167659,8484,679,1023,1023,339
1414749167976,8486,679,1023,1023,382
1414749168276,8473,675,1023,1023,405
1414749168576,8468,675,1023,1023,495
1414749168876,8492,673,1023,1023,459
1414749169192,8500,674,1023,1023,413
1414749169491,8508,671,1023,1023,374
1414749169791,8508,671,1023,1023,415
1414749170093,8506,672,1023,1023,437
1414749170392,8534,671,1023,1023,366
1414749170708,8531,672,1023,1023,386
1414749171009,8542,671,1023,1023,390
1414749171310,8543,671,1023,1023,355
1414749171613,8556,671,1023,1023,322
1414749171916,8554,671,1023,1023,410
1414749172215,8540,670,1023,1023,485
1414749172532,8531,673,1023,1023,447
1414749172832,8557,675,1023,1004,485
1414749173132,8552,677,1023,988,436
1414749173433,8555,677,1023,969,378
1414749173732,8553,678,1023,969,344
1414749174049,8555,676,1023,969,302
1414749174349,8563,679,1023,971,324
1414749174648,8565,678,1023,973,399
1414749174949,8575,679,1023,974,420
1414749175264,8564,680,1023,977,362
1414749175564,8571,679,1023,977,375
1414749175865,8578,679,1023,977,384
1414749176164,8577,679,1023,976,466
1414749176482,8565,681,1023,978,453
1414749176782,8560,682,1023,980,349
1414749177081,8544,682,1023,979,438
1414749177381,8565,683,1023,977,411
1414749177682,8538,683,1023,977,358
1414749177998,8555,684,1023,974,399
1414749178299,8562,685,1023,974,403
1414749178598,8580,699,1023,983,419
1414749178901,8568,699,1023,981,426
1414749179201,8568,699,1023,979,393
1414749179517,8581,701,1023,979,353
1414749179817,8577,702,1023,979,401
1414749180117,8566,701,1023,978,439
1414749180418,8562,702,1023,974,351
1414749180733,8563,702,1023,974,415
1414749181034,8556,703,1023,974,491
1414749181333,8559,705,1023,971,358
1414749181634,8554,706,1023,972,361
1414749181934,8561,707,1023,971,293
1414749182250,8550,707,1023,972,363
1414749182550,8564,708,1023,971,357
1414749182851,8571,709,1023,972,427
1414749183151,8568,709,1023,971,360
1414749183467,8563,709,1023,971,396
1414749183767,8571,709,1023,970,344
1414749184066,8574,709,1023,970,425
1414749184367,8571,709,1023,970,404
1414749184667,8570,711,1023,972,348
1414749184983,8578,714,1023,975,333
1414749185284,8573,715,1023,977,395
1414749185584,8570,714,1023,977,410
1414749185884,8578,716,1023,979,476
1414749186201,8577,717,1023,980,407
1414749186501,8570,718,1023,981,348
1414749186800,8573,718,1023,981,380
1414749187100,8489,703,1023,1023,377
1414749187401,8484,701,1023,1023,364
1414749187718,8530,644,1023,841,342
1414749188016,8515,707,1023,1023,467
1414749188317,8562,712,1023,1023,404
1414749188617,8566,719,1023,1023,360
1414749188934,8562,719,1023,1023,461
1414749189234,8568,724,1023,1023,467
1414749189534,8567,732,1023,1023,407
1414749189834,8567,744,1023,1023,387
1414749190133,8573,750,1023,1023,476
1414749190450,8568,769,1023,1023,403
1414749190750,8570,830,1023,1023,393
1414749191050,8571,847,1023,1023,430
1414749191351,8570,840,1023,1023,426
1414749191667,8570,836,1023,1023,350
1414749191966,8566,824,1023,1023,346
1414749192266,8578,819,1023,1023,351
1414749192568,8577,814,1023,1023,429
1414749192882,8568,813,1023,1023,376
1414749193183,8570,814,1023,1023,468
1414749193484,8579,815,1023,1023,446
1414749193784,8573,815,1023,1023,391
1414749194084,8570,815,1023,1023,426
1414749194401,8570,817,1023,1023,385
1414749194700,8581,822,1023,1023,447
1414749195000,8581,826,1023,1023,377
1414749195300,8579,834,1023,1023,481
1414749195616,8583,838,1023,1023,400
1414749195917,8582,842,1023,1023,457
1414749196217,8573,852,1023,1023,474
1414749196517,8581,922,1023,1023,450
1414749196817,8583,921,1023,1023,379
1414749197134,8578,913,1023,1023,380
1414749197434,8570,915,1023,1023,396
1414749197734,8564,917,1023,1023,467
1414749198034,8566,914,1023,1023,434
1414749198333,8578,913,1023,1023,458
1414749198651,8557,899,1023,1023,387
1414749198951,8569,822,1023,1023,453
1414749199251,8568,775,1023,1023,391
1414749199551,8580,615,1023,774,338
1414749199867,8575,527,1023,624,267
1414749200168,8584,478,1023,548,359
1414749200466,8599,478,1023,526,337
1414749200768,8686,478,1023,497,246
1414749201084,8791,464,1023,484,210
1414749201385,8791,457,1023,469,240
1414749201684,8790,450,1023,464,243
1414749201984,8783,451,1023,461,236
1414749202284,8745,466,1023,483,274
1414749202601,8680,505,1023,559,308
1414749202901,8679,617,1023,742,357
1414749203201,8691,612,1023,733,343
1414749203501,8676,641,1023,780,385
1414749203817,8685,691,1023,896,342
1414749204120,8673,705,1023,919,375
1414749204421,8627,653,1023,1023,546
1414749204721,8575,650,1023,1023,476
1414749205020,8565,646,1023,1023,553
1414749205337,8568,646,1023,1023,481
1414749205640,8584,645,1023,1023,425
1414749205940,8584,645,1023,1023,513
1414749206240,8573,645,1023,1023,449
1414749206539,8577,646,1023,1023,436
1414749206840,8577,646,1023,1023,462
1414749207156,8575,646,1023,1023,455
1414749207457,8577,647,1023,1023,384
1414749207757,8575,647,1023,1023,513
1414749208057,8591,646,1023,1023,466
1414749208374,8600,648,1023,1023,418
1414749208674,8592,648,1023,1023,466
1414749208973,8587,648,1023,1023,411
1414749209274,8579,647,1023,1023,407
1414749209574,8572,648,1023,1023,427
1414749209891,8569,648,1023,1023,457
1414749210194,8569,649,1023,1023,411
1414749210494,8579,649,1023,1023,385
1414749210794,8569,649,1023,1023,390
1414749211094,8568,650,1023,1023,414
1414749211412,8571,650,1023,1023,438
1414749211713,8582,650,1023,1023,396
1414749212014,8567,651,1023,1023,451
1414749212315,8562,652,1023,1023,444
1414749212616,8575,652,1023,1023,444
1414749212918,8577,652,1023,1023,421
1414749213235,8571,653,1023,1023,452
1414749213537,8568,654,1023,1023,438
1414749213838,8581,655,1023,1023,469
1414749214138,8575,656,1023,1023,483
1414749214439,8577,655,1023,1023,407
1414749214739,8571,656,1023,1023,383
1414749215056,8584,657,1023,1023,385
1414749215359,8590,657,1023,1023,434
1414749215659,8648,658,1023,1023,441
1414749215962,8673,655,1023,1023,442
1414749216261,8769,638,1023,1023,394
1414749216562,8678,643,1023,1023,458
1414749216879,8686,640,1023,1023,502
1414749217180,8673,642,1023,1023,478
1414749217482,8688,642,1023,1023,467
1414749217782,8675,643,1023,1023,401
1414749218082,8666,641,1023,1023,446
1414749218383,8571,642,1023,1023,514
1414749218701,8295,644,1023,1023,487
1414749219004,8280,647,1023,1023,540
1414749219304,8294,644,1023,1023,483
1414749219604,8372,643,1023,1023,443
1414749219905,8380,645,1023,1023,464
1414749220207,8380,657,1023,1023,456
1414749220523,8295,656,1023,1023,407
1414749220824,8278,864,1023,1023,395
1414749221125,8326,775,1023,1023,451
1414749221425,8379,740,1023,1023,423
1414749221726,8371,724,1023,1023,413
1414749222043,8376,722,1023,1023,389
1414749222344,8382,720,1023,1023,430
1414749222644,8375,720,1023,1023,436
1414749222945,8359,711,1023,1023,422
1414749223245,8371,717,1023,1023,441
1414749223546,8433,722,1023,1023,416
1414749223863,8433,771,1023,1023,396
1414749224164,8413,739,1023,1023,530
1414749224464,8375,704,1023,1023,506
1414749224765,8383,662,1023,1023,441
1414749225066,8394,711,1023,1023,470
1414749225384,8375,699,1023,1023,449
1414749225686,8416,691,1023,1023,457
1414749225986,8474,693,1023,1023,378
1414749226286,8478,697,1023,1023,411
1414749226586,8482,701,1023,1023,376
1414749226888,8479,698,1023,1023,497
1414749227206,8467,696,1023,1023,483
1414749227508,8460,695,1023,1023,402
1414749227808,8482,711,1023,1023,407
1414749228109,8481,781,1023,1023,418
1414749228409,8491,656,1023,639,302
1414749228709,8474,728,1023,665,242
1414749229025,8533,647,1023,386,163
1414749229328,8522,655,1023,412,253
1414749229630,8580,669,1023,314,147
1414749229932,8577,665,1023,491,342
1414749230234,8503,806,1023,1023,566
1414749230535,8524,762,1023,1023,463
1414749230836,8513,799,1023,1023,365
1414749231154,8507,739,1023,978,367
1414749231455,8552,745,1023,1020,398
1414749231757,8528,734,1023,878,434
1414749232056,8561,580,1023,488,258
1414749232357,8551,656,1023,602,318
1414749232659,8501,622,1023,554,316
1414749232976,8509,599,1023,505,318
1414749233278,8581,612,1023,599,332
1414749233579,8586,710,1023,797,345
1414749233880,8630,783,1023,1023,459
1414749234180,9008,716,1023,1023,467
1414749234481,9077,907,1023,1023,447
1414749234798,8694,1023,1023,1023,445
1414749235101,8752,1023,1023,1023,412
1414749235402,8683,848,1023,1023,347
1414749235702,8577,700,1023,1023,449
1414749236002,8307,1023,1023,1023,429
1414749236303,8301,1023,1023,1023,398
1414749236621,8281,1023,1023,1023,389
1414749236922,8244,1023,1023,1023,455
1414749237221,8185,1023,1023,1023,465
1414749237522,8201,1023,1023,1023,480
1414749237821,8479,825,1023,1023,520
1414749238138,8570,623,1023,1023,457
1414749238439,8582,552,1023,1023,392
1414749238739,8518,815,1023,1023,423
1414749239039,8548,726,1023,1023,469
1414749239340,8516,743,1023,1023,422
1414749239657,8421,629,1023,1023,444
1414749239958,8529,927,1023,1023,409
1414749240258,8578,925,1023,1023,439
1414749240557,8582,773,1023,1023,395
1414749240859,8577,860,1023,1023,427
1414749241175,8579,793,1023,1023,486
1414749241477,8580,719,1023,1023,491
1414749241770,8583,756,1023,1023,424
1414749242087,8580,810,1023,1023,437
1414749242390,8570,821,1023,1023,433
1414749242691,8756,947,1023,1023,429
1414749242991,9072,884,1023,1023,459
1414749243292,9121,846,1023,1023,459
1414749243593,9168,836,1023,978,381
1414749243910,9073,1012,1023,1023,377
1414749244212,8681,648,1023,504,267
1414749244511,8670,666,1023,508,298
1414749244813,8664,667,1023,477,292
1414749245113,8629,919,1023,906,355
1414749245429,8576,1023,1023,1023,424
1414749245732,8580,1023,1023,1023,393
1414749246031,8676,745,1023,640,242
1414749246333,8669,932,1023,882,382
1414749246632,8687,1023,1023,1023,514
1414749246949,8570,1023,1023,1023,503
1414749247251,8583,1023,1023,1023,423
1414749247553,8583,1023,1023,1023,435
1414749247854,8584,1023,1023,1023,397
1414749248156,8643,907,1023,1023,471
1414749248456,8684,850,1023,1023,463
1414749248757,8683,848,1023,1023,462
1414749249074,8763,838,1023,1023,440
1414749249376,8735,841,1023,1023,478
1414749249677,8774,833,1023,1023,473
1414749249977,8783,834,1023,963,324
1414749250278,8769,828,1023,1023,492
1414749250578,8788,830,1023,1023,440
1414749250895,8688,856,1023,1023,480
1414749251199,8672,865,1023,1023,552
1414749251499,8681,891,1023,1023,436
1414749251795,8595,852,1023,1023,459
1414749252113,8573,808,1023,1023,463
1414749252415,8578,811,1023,1023,453
1414749252714,8577,845,1023,1023,441
1414749253015,8577,752,1023,1023,433
1414749253316,8478,660,1023,1023,480
1414749253616,8473,650,1023,1023,455
1414749253932,8571,743,1023,1023,474
1414749254235,8555,754,1023,1023,443
1414749254535,8575,740,1023,1023,405
1414749254835,8615,740,1023,1023,377
1414749255135,8623,1023,1023,1023,436
1414749255452,8672,1023,1023,1023,415
1414749255754,8726,869,1023,1023,444
1414749256055,8763,829,1023,1023,474
1414749256357,8753,829,1023,1023,420
1414749256658,8731,808,1023,1023,402
1414749256958,8753,810,1023,1023,446
1414749257276,8766,795,1023,1023,413
1414749257577,8773,799,1023,1023,476
1414749257878,8788,793,1023,1023,486
1414749258179,8759,791,1023,1023,457
1414749258479,8779,795,1023,1023,466
1414749258780,8784,791,1023,1023,425
1414749259096,8783,790,1023,1023,507
1414749259398,8775,795,1023,1023,505
1414749259699,8733,840,1023,1023,458
1414749259998,8662,895,1023,1023,405
1414749260315,8578,1023,1023,1023,452
1414749260617,8678,861,1023,1023,487
1414749260917,8774,856,1023,1023,430
1414749261217,8804,824,1023,1023,415
1414749261517,8796,823,1023,1023,415
1414749261817,8800,823,1023,1023,435
1414749262134,8801,813,1023,1023,477
1414749262436,8778,812,1023,1023,445
1414749262736,8779,809,1023,1023,387
1414749263036,8779,806,1023,1023,487
1414749263338,8785,806,1023,1023,468
1414749263655,8774,803,1023,1023,478
1414749263957,8774,802,1023,1023,443
1414749264258,8788,800,1023,1023,445
1414749264558,8772,801,1023,1023,473
1414749264858,8769,793,1023,1023,467
1414749265160,8786,798,1023,1023,464
1414749265477,8781,798,1023,1023,454
1414749265780,8781,799,1023,1023,489
1414749266080,8778,800,1023,1023,456
1414749266380,8780,800,1023,1023,449
1414749266679,8784,797,1023,1023,414
1414749266998,8787,793,1023,1023,435
1414749267298,8787,801,1023,1023,480
1414749267598,8716,882,1023,1023,442
1414749267899,8474,1023,1023,1023,415
1414749268199,8334,1023,1023,1023,398
1414749268516,8092,1023,1023,1023,422
1414749268816,8353,1023,1023,1023,472
1414749269116,8471,1023,1023,1023,485
1414749269417,8388,1023,1023,1023,466
1414749269717,7898,1023,1023,1023,469
1414749270018,1666,1023,1023,1023,421
1414749270334,812,1023,1023,1023,484
1414749270637,733,1023,1023,1023,450
1414749270938,482,1023,1023,1023,453
1414749271238,539,1023,1023,1023,471
1414749271539,957,1023,1023,1023,450
1414749271840,6544,1023,1023,1023,431
1414749272141,7387,1023,1023,1023,422
1414749272441,7647,1023,1023,1023,416
1414749272758,8099,1023,1023,1023,441
1414749273062,8278,1023,1023,1023,451
1414749273362,5078,1023,1023,1023,386
1414749273663,8565,1023,1023,1023,422
1414749273963,8528,1023,1023,1023,464
1414749274265,8477,1023,1023,1023,441
1414749274566,8491,1023,1023,1023,474
1414749274883,8530,1023,1023,1023,396
1414749275182,8686,1023,1023,1023,477
1414749275483,8626,1023,1023,1023,381
1414749275783,8573,977,1023,1023,421
1414749276099,8587,942,1023,1023,507
1414749276399,8593,920,1023,1023,407
1414749276701,8573,899,1023,1023,446
1414749277001,8652,899,1023,1023,501
1414749277300,8586,897,1023,1023,404
1414749277617,8579,1023,1023,1023,440
1414749277919,8400,1023,1023,1023,410
1414749278220,8185,1023,1023,1023,428
1414749278520,8188,948,1023,1023,464
1414749278819,8050,924,1023,1023,495
1414749279121,8256,862,1023,1023,477
1414749279438,8269,846,1023,1023,440
1414749279739,8264,933,1023,1023,418
1414749280040,8417,1023,1023,1023,489
1414749280340,8496,1023,1023,1023,489
1414749280640,8538,943,1023,1023,479
1414749280958,8564,892,1023,1023,415
1414749281261,8564,868,1023,1023,459
1414749281561,8583,846,1023,1023,409
1414749281861,8575,836,1023,1023,438
1414749282161,8590,830,1023,1023,445
1414749282462,8632,825,1023,1023,387
1414749282780,8685,830,1023,1023,406
1414749283082,8667,827,1023,1023,418
1414749283375,8671,830,1023,1023,400
1414749283692,8666,828,1023,1023,360
1414749283995,8691,827,1023,1023,499
1414749284295,8667,830,1023,1023,420
1414749284595,8680,831,1023,1023,433
1414749284897,8666,832,1023,1023,430
1414749285197,8676,832,1023,1023,487
1414749285514,8668,832,1023,1023,451
1414749285817,8669,832,1023,1023,490
1414749286117,8669,870,1023,1023,472
1414749286417,8783,956,1023,983,391
1414749286717,9034,1023,1023,866,367
1414749287018,8974,1023,1023,881,370
1414749287335,8896,1023,1023,1023,399
1414749287638,8914,1023,1023,1023,513
1414749287938,8875,1023,1023,1023,400
1414749288237,8621,1023,1023,1023,468
1414749288537,8375,1023,1023,1023,417
1414749288855,8212,1023,1023,1023,439
1414749289175,152899,1023,1023,1023,368
1414749289476,9545,978,1023,1023,411
1414749289793,12142,977,1023,1023,465
1414749290096,11438,957,1023,1023,468
1414749290398,7910,1020,1023,1023,472
1414749290698,8202,1023,1023,1023,451
1414749290998,8274,1023,1023,1023,426
1414749291299,8282,1023,1023,1023,423
1414749291617,8274,1023,1023,1023,470
1414749291919,8279,1023,1023,1023,464
1414749292219,8279,1023,1023,1023,489
1414749292519,8274,1023,1023,1023,480
1414749292819,8133,1023,1023,1023,430
1414749293119,8079,1023,1023,1023,467
1414749293438,8211,1023,1023,1023,467
1414749293737,8188,1023,1023,1023,489
1414749294037,8368,1023,1023,1023,491
1414749294337,8359,1023,1023,1023,469
1414749294638,8126,1023,1023,1023,440
1414749294954,8357,1023,1023,1023,432
1414749295256,8422,1023,1023,1023,502
1414749295557,8474,1023,1023,1023,495
1414749295858,8480,1023,1023,554,262
1414749296159,8370,1023,1023,713,325
1414749296476,8392,1023,1023,1023,529
1414749296778,8395,1023,1023,1023,554
1414749297078,8543,1023,1023,1023,469
1414749297378,8483,1023,1023,358,172
1414749297679,8345,1023,1023,595,263
1414749297995,8409,1023,1023,1023,489
1414749298285,8543,1023,1023,1023,406
1414749298585,8669,1023,1023,1023,476
1414749298902,8576,1023,1023,1023,443
1414749299204,8400,1023,1023,1023,466
1414749299505,8382,1023,1023,1023,400
1414749299805,8497,1023,1023,1023,373
1414749300105,8383,1023,1023,1023,505
1414749300421,8381,1023,1023,1023,452
1414749300722,8375,1023,1023,1023,504
1414749301023,8376,1023,1023,1023,355
1414749301322,8448,1023,1023,932,446
1414749301623,8479,1023,1023,914,414
1414749301942,8487,1023,1023,810,439
1414749302246,8588,1023,1023,760,377
1414749302545,8582,1023,1023,979,388
1414749302846,8578,1023,1023,1023,430
1414749303146,8576,1023,1023,1002,394
1414749303447,8575,1023,1023,1023,435
1414749303764,8581,1023,1023,1023,406
1414749304068,8571,1023,1023,956,341
1414749304369,8479,1023,1023,1023,403
1414749304671,8458,1023,1023,1023,419
1414749304971,8480,1023,1023,907,312
1414749305270,8477,1023,1023,1023,472
1414749305587,8415,1023,1023,430,202
1414749305888,8380,1023,1023,424,192
1414749306190,8421,1023,1023,446,146
1414749306489,8469,1023,1023,1023,454
1414749306789,8440,1023,1023,1023,487
1414749307090,8429,1023,1023,595,245
1414749307405,8452,1023,1023,643,308
1414749307698,8459,1023,1023,722,410
1414749308015,8482,1023,1023,796,367
1414749308318,8395,1023,1023,1023,499
1414749308618,8482,1023,1023,1008,352
1414749308919,8326,1023,1023,1023,517
1414749309219,8637,1023,1023,1023,472
1414749309519,8764,1023,1023,1023,369
1414749309837,8761,1023,1023,1023,498
1414749310138,8899,1023,1023,431,279
1414749310438,8863,1023,1023,420,271
1414749310738,8867,1023,1023,836,331
1414749311056,8874,1023,1023,876,372
1414749311357,8838,1023,1023,804,369
1414749311658,8667,1023,1023,721,334
1414749311957,8490,1023,1023,761,361
1414749312258,8480,1023,1023,777,406
1414749312574,8340,1023,1023,1023,450
1414749312875,8581,1023,1023,539,210
1414749313175,8582,1023,1023,798,280
1414749313483,8573,1023,1023,592,258
1414749313784,8561,1023,1023,1023,444
1414749314084,8576,1023,1023,911,338
1414749314384,8528,1023,1023,1023,444
1414749314685,8371,1023,1023,1023,515
1414749315003,8408,1023,1023,1023,432
1414749315303,8431,1023,1023,1023,524
1414749315604,8457,1023,1023,1023,482
1414749315905,8678,1023,1023,565,260
1414749316206,8577,1023,1023,1023,377
1414749316505,8578,1023,1023,1023,403
1414749316822,8423,1023,1023,1023,536
1414749317123,8523,1023,1023,1023,507
1414749317423,8581,1023,1023,1023,451
1414749317724,8587,1023,1023,1023,451
1414749318025,8609,1023,1023,1023,447
1414749318342,8640,1023,1023,1023,486
1414749318643,8654,1023,1023,1023,424
1414749318943,8666,1023,1023,1023,411
1414749319252,8669,1023,1023,1023,506
1414749319553,8682,1023,1023,1023,468
1414749319855,8675,1023,1023,1023,428
1414749320156,8691,1023,1023,1023,449
1414749320459,8673,1023,1023,1023,360
1414749320759,8683,1023,1023,1023,436
1414749321075,8673,1023,1023,1023,382
